cis_control_ref;cis_control_name;cis_control_description;cis_control_ig;mitigation_id
1.1;Establish and Maintain Detailed Enterprise Asset Inventory;Establish and maintain an accurate, detailed, and up-to-date inventory of all enterprise assets with the potential to store or process data, to include: end-user devices (including portable and mobile), network devices, non-computing/IoT devices, and servers. Ensure the inventory records the network address (if static), hardware address, machine name, enterprise asset owner, department for each asset, and whether the asset has been approved to connect to the network. For mobile end-user devices, MDM type tools can support this process, where appropriate. This inventory includes assets connected to the infrastructure physically, virtually, remotely, and those within cloud environments. Additionally, it includes assets that are regularly connected to the enterprise’s network infrastructure, even if they are not under control of the enterprise. Review and update the inventory of all enterprise assets bi-annually, or more frequently.;IG1;M1034
1.1;Establish and Maintain Detailed Enterprise Asset Inventory;Establish and maintain an accurate, detailed, and up-to-date inventory of all enterprise assets with the potential to store or process data, to include: end-user devices (including portable and mobile), network devices, non-computing/IoT devices, and servers. Ensure the inventory records the network address (if static), hardware address, machine name, enterprise asset owner, department for each asset, and whether the asset has been approved to connect to the network. For mobile end-user devices, MDM type tools can support this process, where appropriate. This inventory includes assets connected to the infrastructure physically, virtually, remotely, and those within cloud environments. Additionally, it includes assets that are regularly connected to the enterprise’s network infrastructure, even if they are not under control of the enterprise. Review and update the inventory of all enterprise assets bi-annually, or more frequently.;IG1;M1035
1.2;Address Unauthorized Assets;Ensure that a process exists to address unauthorized assets on a weekly basis. The enterprise may choose to remove the asset from the network, deny the asset from connecting remotely to the network, or quarantine the asset.;IG1;M1034
1.2;Address Unauthorized Assets;Ensure that a process exists to address unauthorized assets on a weekly basis. The enterprise may choose to remove the asset from the network, deny the asset from connecting remotely to the network, or quarantine the asset.;IG1;M1035
1.4;Use Dynamic Host Configuration Protocol (DHCP) Logging to Update Enterprise Asset Inventory;Use DHCP logging on all DHCP servers or Internet Protocol (IP) address management tools to update the enterprise’s asset inventory. Review and use logs to update the enterprise’s asset inventory weekly, or more frequently.;IG2;M1035
2.1;Establish and Maintain a Software Inventory;Establish and maintain a detailed inventory of all licensed software installed on enterprise assets. The software inventory must document the title, publisher, initial install/use date, and business purpose for each entry, where appropriate, include the Uniform Resource Locator (URL), app store(s), version(s), deployment mechanism, and decommission date. Review and update the software inventory bi-annually, or more frequently.;IG1;M1047
2.2;Ensure Authorized Software is Currently Supported ;Ensure that only currently supported software is designated as authorized in the software inventory for enterprise assets. If software is unsupported, yet necessary for the fulfillment of the enterprise’s mission, document an exception detailing mitigating controls and residual risk acceptance. For any unsupported software without an exception documentation, designate as unauthorized. Review the software list to verify software support at least monthly, or more frequently.;IG1;M1047
2.3;Address Unauthorized Software;Ensure that unauthorized software is either removed from use on enterprise assets or receives a documented exception. Review monthly, or more frequently.;IG1;M1021
2.3;Address Unauthorized Software;Ensure that unauthorized software is either removed from use on enterprise assets or receives a documented exception. Review monthly, or more frequently.;IG1;M1033
2.3;Address Unauthorized Software;Ensure that unauthorized software is either removed from use on enterprise assets or receives a documented exception. Review monthly, or more frequently.;IG1;M1042
2.3;Address Unauthorized Software;Ensure that unauthorized software is either removed from use on enterprise assets or receives a documented exception. Review monthly, or more frequently.;IG1;M1047
2.4;Utilize Automated Software Inventory Tools;Utilize software inventory tools, when possible, throughout the enterprise to automate the discovery and documentation of installed software. ;IG2;M1047
2.5;Allowlist Authorized Software;Use technical controls, such as application allowlisting, to ensure that only authorized software can execute or be accessed. Reassess bi-annually, or more frequently.;IG2;M1021
2.5;Allowlist Authorized Software;Use technical controls, such as application allowlisting, to ensure that only authorized software can execute or be accessed. Reassess bi-annually, or more frequently.;IG2;M1033
2.5;Allowlist Authorized Software;Use technical controls, such as application allowlisting, to ensure that only authorized software can execute or be accessed. Reassess bi-annually, or more frequently.;IG2;M1038
2.5;Allowlist Authorized Software;Use technical controls, such as application allowlisting, to ensure that only authorized software can execute or be accessed. Reassess bi-annually, or more frequently.;IG2;M1042
2.6;Allowlist Authorized Libraries; Use technical controls to ensure that only authorized software libraries, such as specific .dll, .ocx, .so, etc., files, are allowed to load into a system process. Block unauthorized libraries from loading into a system process. Reassess bi-annually, or more frequently.;IG2;M1025
2.6;Allowlist Authorized Libraries; Use technical controls to ensure that only authorized software libraries, such as specific .dll, .ocx, .so, etc., files, are allowed to load into a system process. Block unauthorized libraries from loading into a system process. Reassess bi-annually, or more frequently.;IG2;M1038
2.6;Allowlist Authorized Libraries; Use technical controls to ensure that only authorized software libraries, such as specific .dll, .ocx, .so, etc., files, are allowed to load into a system process. Block unauthorized libraries from loading into a system process. Reassess bi-annually, or more frequently.;IG2;M1042
2.6;Allowlist Authorized Libraries; Use technical controls to ensure that only authorized software libraries, such as specific .dll, .ocx, .so, etc., files, are allowed to load into a system process. Block unauthorized libraries from loading into a system process. Reassess bi-annually, or more frequently.;IG2;M1044
2.7;Allowlist Authorized Scripts;Use technical controls, such as digital signatures and version control, to ensure that only authorized scripts, such as specific .ps1, .py, etc., files, are allowed to execute. Block unauthorized scripts from executing. Reassess bi-annually, or more frequently.;IG3;M1021
2.7;Allowlist Authorized Scripts;Use technical controls, such as digital signatures and version control, to ensure that only authorized scripts, such as specific .ps1, .py, etc., files, are allowed to execute. Block unauthorized scripts from executing. Reassess bi-annually, or more frequently.;IG3;M1022
2.7;Allowlist Authorized Scripts;Use technical controls, such as digital signatures and version control, to ensure that only authorized scripts, such as specific .ps1, .py, etc., files, are allowed to execute. Block unauthorized scripts from executing. Reassess bi-annually, or more frequently.;IG3;M1026
2.7;Allowlist Authorized Scripts;Use technical controls, such as digital signatures and version control, to ensure that only authorized scripts, such as specific .ps1, .py, etc., files, are allowed to execute. Block unauthorized scripts from executing. Reassess bi-annually, or more frequently.;IG3;M1033
2.7;Allowlist Authorized Scripts;Use technical controls, such as digital signatures and version control, to ensure that only authorized scripts, such as specific .ps1, .py, etc., files, are allowed to execute. Block unauthorized scripts from executing. Reassess bi-annually, or more frequently.;IG3;M1038
2.7;Allowlist Authorized Scripts;Use technical controls, such as digital signatures and version control, to ensure that only authorized scripts, such as specific .ps1, .py, etc., files, are allowed to execute. Block unauthorized scripts from executing. Reassess bi-annually, or more frequently.;IG3;M1042
2.7;Allowlist Authorized Scripts;Use technical controls, such as digital signatures and version control, to ensure that only authorized scripts, such as specific .ps1, .py, etc., files, are allowed to execute. Block unauthorized scripts from executing. Reassess bi-annually, or more frequently.;IG3;M1045
2.7;Allowlist Authorized Scripts;Use technical controls, such as digital signatures and version control, to ensure that only authorized scripts, such as specific .ps1, .py, etc., files, are allowed to execute. Block unauthorized scripts from executing. Reassess bi-annually, or more frequently.;IG3;M1054
3.1;Establish and Maintain a Data Management Process;Establish and maintain a data management process. In the process, address data sensitivity, data owner, handling of data, data retention limits, and disposal requirements, based on sensitivity and retention standards for the enterprise. Review and update documentation annually, or when significant enterprise changes occur that could impact this Safeguard.;IG1;M1029
3.1;Establish and Maintain a Data Management Process;Establish and maintain a data management process. In the process, address data sensitivity, data owner, handling of data, data retention limits, and disposal requirements, based on sensitivity and retention standards for the enterprise. Review and update documentation annually, or when significant enterprise changes occur that could impact this Safeguard.;IG1;M1047
3.2;Establish and Maintain a Data Inventory;Establish and maintain a data inventory, based on the enterprise’s data management process. Inventory sensitive data, at a minimum. Review and update inventory annually, at a minimum, with a priority on sensitive data.;IG1;M1047
3.3;Configure Data Access Control Lists;Configure data access control lists based on a user’s need to know. Apply data access control lists, also known as access permissions, to local and remote file systems, databases, and applications.;IG1;M1018
3.3;Configure Data Access Control Lists;Configure data access control lists based on a user’s need to know. Apply data access control lists, also known as access permissions, to local and remote file systems, databases, and applications.;IG1;M1022
3.3;Configure Data Access Control Lists;Configure data access control lists based on a user’s need to know. Apply data access control lists, also known as access permissions, to local and remote file systems, databases, and applications.;IG1;M1026
3.4;Enforce Data Retention;Retain data according to the enterprise’s data management process. Data retention must include both minimum and maximum timelines.;IG1;M1029
3.6;Encrypt Data on End-User Devices;Encrypt data on end-user devices containing sensitive data. Example implementations can include: Windows BitLocker®, Apple FileVault®, Linux® dm-crypt.;IG1;M1046
3.10;Encrypt Sensitive Data in Transit;Encrypt sensitive data in transit. Example implementations can include: Transport Layer Security (TLS) and Open Secure Shell (OpenSSH).;IG2;M1041
3.11;Encrypt Sensitive Data At Rest;Encrypt sensitive data at rest on servers, applications, and databases containing sensitive data. Storage-layer encryption, also known as server-side encryption, meets the minimum requirement of this Safeguard. Additional encryption methods may include application-layer encryption, also known as client-side encryption, where access to the data storage device(s) does not permit access to the plain-text data.;IG2;M1041
3.12;Segment Data Processing and Storage Based on Sensitivity;Segment data processing and storage based on the sensitivity of the data. Do not process sensitive data on enterprise assets intended for lower sensitivity data.;IG2;M1029
3.12;Segment Data Processing and Storage Based on Sensitivity;Segment data processing and storage based on the sensitivity of the data. Do not process sensitive data on enterprise assets intended for lower sensitivity data.;IG2;M1030
3.12;Segment Data Processing and Storage Based on Sensitivity;Segment data processing and storage based on the sensitivity of the data. Do not process sensitive data on enterprise assets intended for lower sensitivity data.;IG2;M1041
3.13;Deploy a Data Loss Prevention Solution;Implement an automated tool, such as a host-based Data Loss Prevention (DLP) tool to identify all sensitive data stored, processed, or transmitted through enterprise assets, including those located onsite or at a remote service provider, and update the enterprise's sensitive data inventory.;IG3;M1057
4.1;Establish and Maintain a Secure Configuration Process;Establish and maintain a secure configuration process for enterprise assets (end-user devices, including portable and mobile, non-computing/IoT devices, and servers) and software (operating systems and applications). Review and update documentation annually, or when significant enterprise changes occur that could impact this Safeguard.;IG1;M1015
4.1;Establish and Maintain a Secure Configuration Process;Establish and maintain a secure configuration process for enterprise assets (end-user devices, including portable and mobile, non-computing/IoT devices, and servers) and software (operating systems and applications). Review and update documentation annually, or when significant enterprise changes occur that could impact this Safeguard.;IG1;M1018
4.1;Establish and Maintain a Secure Configuration Process;Establish and maintain a secure configuration process for enterprise assets (end-user devices, including portable and mobile, non-computing/IoT devices, and servers) and software (operating systems and applications). Review and update documentation annually, or when significant enterprise changes occur that could impact this Safeguard.;IG1;M1022
4.1;Establish and Maintain a Secure Configuration Process;Establish and maintain a secure configuration process for enterprise assets (end-user devices, including portable and mobile, non-computing/IoT devices, and servers) and software (operating systems and applications). Review and update documentation annually, or when significant enterprise changes occur that could impact this Safeguard.;IG1;M1024
4.1;Establish and Maintain a Secure Configuration Process;Establish and maintain a secure configuration process for enterprise assets (end-user devices, including portable and mobile, non-computing/IoT devices, and servers) and software (operating systems and applications). Review and update documentation annually, or when significant enterprise changes occur that could impact this Safeguard.;IG1;M1025
4.1;Establish and Maintain a Secure Configuration Process;Establish and maintain a secure configuration process for enterprise assets (end-user devices, including portable and mobile, non-computing/IoT devices, and servers) and software (operating systems and applications). Review and update documentation annually, or when significant enterprise changes occur that could impact this Safeguard.;IG1;M1026
4.1;Establish and Maintain a Secure Configuration Process;Establish and maintain a secure configuration process for enterprise assets (end-user devices, including portable and mobile, non-computing/IoT devices, and servers) and software (operating systems and applications). Review and update documentation annually, or when significant enterprise changes occur that could impact this Safeguard.;IG1;M1027
4.1;Establish and Maintain a Secure Configuration Process;Establish and maintain a secure configuration process for enterprise assets (end-user devices, including portable and mobile, non-computing/IoT devices, and servers) and software (operating systems and applications). Review and update documentation annually, or when significant enterprise changes occur that could impact this Safeguard.;IG1;M1028
4.1;Establish and Maintain a Secure Configuration Process;Establish and maintain a secure configuration process for enterprise assets (end-user devices, including portable and mobile, non-computing/IoT devices, and servers) and software (operating systems and applications). Review and update documentation annually, or when significant enterprise changes occur that could impact this Safeguard.;IG1;M1033
4.1;Establish and Maintain a Secure Configuration Process;Establish and maintain a secure configuration process for enterprise assets (end-user devices, including portable and mobile, non-computing/IoT devices, and servers) and software (operating systems and applications). Review and update documentation annually, or when significant enterprise changes occur that could impact this Safeguard.;IG1;M1035
4.1;Establish and Maintain a Secure Configuration Process;Establish and maintain a secure configuration process for enterprise assets (end-user devices, including portable and mobile, non-computing/IoT devices, and servers) and software (operating systems and applications). Review and update documentation annually, or when significant enterprise changes occur that could impact this Safeguard.;IG1;M1036
4.1;Establish and Maintain a Secure Configuration Process;Establish and maintain a secure configuration process for enterprise assets (end-user devices, including portable and mobile, non-computing/IoT devices, and servers) and software (operating systems and applications). Review and update documentation annually, or when significant enterprise changes occur that could impact this Safeguard.;IG1;M1039
4.1;Establish and Maintain a Secure Configuration Process;Establish and maintain a secure configuration process for enterprise assets (end-user devices, including portable and mobile, non-computing/IoT devices, and servers) and software (operating systems and applications). Review and update documentation annually, or when significant enterprise changes occur that could impact this Safeguard.;IG1;M1040
4.1;Establish and Maintain a Secure Configuration Process;Establish and maintain a secure configuration process for enterprise assets (end-user devices, including portable and mobile, non-computing/IoT devices, and servers) and software (operating systems and applications). Review and update documentation annually, or when significant enterprise changes occur that could impact this Safeguard.;IG1;M1042
4.1;Establish and Maintain a Secure Configuration Process;Establish and maintain a secure configuration process for enterprise assets (end-user devices, including portable and mobile, non-computing/IoT devices, and servers) and software (operating systems and applications). Review and update documentation annually, or when significant enterprise changes occur that could impact this Safeguard.;IG1;M1043
4.1;Establish and Maintain a Secure Configuration Process;Establish and maintain a secure configuration process for enterprise assets (end-user devices, including portable and mobile, non-computing/IoT devices, and servers) and software (operating systems and applications). Review and update documentation annually, or when significant enterprise changes occur that could impact this Safeguard.;IG1;M1044
4.1;Establish and Maintain a Secure Configuration Process;Establish and maintain a secure configuration process for enterprise assets (end-user devices, including portable and mobile, non-computing/IoT devices, and servers) and software (operating systems and applications). Review and update documentation annually, or when significant enterprise changes occur that could impact this Safeguard.;IG1;M1045
4.1;Establish and Maintain a Secure Configuration Process;Establish and maintain a secure configuration process for enterprise assets (end-user devices, including portable and mobile, non-computing/IoT devices, and servers) and software (operating systems and applications). Review and update documentation annually, or when significant enterprise changes occur that could impact this Safeguard.;IG1;M1046
4.1;Establish and Maintain a Secure Configuration Process;Establish and maintain a secure configuration process for enterprise assets (end-user devices, including portable and mobile, non-computing/IoT devices, and servers) and software (operating systems and applications). Review and update documentation annually, or when significant enterprise changes occur that could impact this Safeguard.;IG1;M1047
4.1;Establish and Maintain a Secure Configuration Process;Establish and maintain a secure configuration process for enterprise assets (end-user devices, including portable and mobile, non-computing/IoT devices, and servers) and software (operating systems and applications). Review and update documentation annually, or when significant enterprise changes occur that could impact this Safeguard.;IG1;M1048
4.1;Establish and Maintain a Secure Configuration Process;Establish and maintain a secure configuration process for enterprise assets (end-user devices, including portable and mobile, non-computing/IoT devices, and servers) and software (operating systems and applications). Review and update documentation annually, or when significant enterprise changes occur that could impact this Safeguard.;IG1;M1052
4.1;Establish and Maintain a Secure Configuration Process;Establish and maintain a secure configuration process for enterprise assets (end-user devices, including portable and mobile, non-computing/IoT devices, and servers) and software (operating systems and applications). Review and update documentation annually, or when significant enterprise changes occur that could impact this Safeguard.;IG1;M1054
4.2;Establish and Maintain a Secure Configuration Process for Network Infrastructure;Establish and maintain a secure configuration process for network devices. Review and update documentation annually, or when significant enterprise changes occur that could impact this Safeguard.;IG1;M1030
4.2;Establish and Maintain a Secure Configuration Process for Network Infrastructure;Establish and maintain a secure configuration process for network devices. Review and update documentation annually, or when significant enterprise changes occur that could impact this Safeguard.;IG1;M1031
4.2;Establish and Maintain a Secure Configuration Process for Network Infrastructure;Establish and maintain a secure configuration process for network devices. Review and update documentation annually, or when significant enterprise changes occur that could impact this Safeguard.;IG1;M1035
4.2;Establish and Maintain a Secure Configuration Process for Network Infrastructure;Establish and maintain a secure configuration process for network devices. Review and update documentation annually, or when significant enterprise changes occur that could impact this Safeguard.;IG1;M1037
4.2;Establish and Maintain a Secure Configuration Process for Network Infrastructure;Establish and maintain a secure configuration process for network devices. Review and update documentation annually, or when significant enterprise changes occur that could impact this Safeguard.;IG1;M1041
4.2;Establish and Maintain a Secure Configuration Process for Network Infrastructure;Establish and maintain a secure configuration process for network devices. Review and update documentation annually, or when significant enterprise changes occur that could impact this Safeguard.;IG1;M1054
4.3;Configure Automatic Session Locking on Enterprise Assets;Configure automatic session locking on enterprise assets after a defined period of inactivity. For general purpose operating systems, the period must not exceed 15 minutes. For mobile end-user devices, the period must not exceed 2 minutes.;IG1;M1028
4.4;Implement and Manage a Firewall on Servers;Implement and manage a firewall on servers, where supported. Example implementations include a virtual firewall, operating system firewall, or a third-party firewall agent.;IG1;M1030
4.4;Implement and Manage a Firewall on Servers;Implement and manage a firewall on servers, where supported. Example implementations include a virtual firewall, operating system firewall, or a third-party firewall agent.;IG1;M1035
4.4;Implement and Manage a Firewall on Servers;Implement and manage a firewall on servers, where supported. Example implementations include a virtual firewall, operating system firewall, or a third-party firewall agent.;IG1;M1037
4.5;Implement and Manage a Firewall on End-User Devices;Implement and manage a host-based firewall or port-filtering tool on end-user devices, with a default-deny rule that drops all traffic except those services and ports that are explicitly allowed.;IG1;M1030
4.5;Implement and Manage a Firewall on End-User Devices;Implement and manage a host-based firewall or port-filtering tool on end-user devices, with a default-deny rule that drops all traffic except those services and ports that are explicitly allowed.;IG1;M1035
4.5;Implement and Manage a Firewall on End-User Devices;Implement and manage a host-based firewall or port-filtering tool on end-user devices, with a default-deny rule that drops all traffic except those services and ports that are explicitly allowed.;IG1;M1037
4.6;Securely Manage Enterprise Assets and Software;Securely manage enterprise assets and software. Example implementations include managing configuration through version-controlled-infrastructure-as-code and accessing administrative interfaces over secure network protocols, such as Secure Shell (SSH) and Hypertext Transfer Protocol Secure (HTTPS). Do not use insecure management protocols, such as Telnet (Teletype Network) and HTTP, unless operationally essential.;IG1;M1041
4.7;Manage Default Accounts on Enterprise Assets and Software;Manage default accounts on enterprise assets and software, such as root, administrator, and other pre-configured vendor accounts. Example implementations can include: disabling default accounts or making them unusable.;IG1;M1018
4.7;Manage Default Accounts on Enterprise Assets and Software;Manage default accounts on enterprise assets and software, such as root, administrator, and other pre-configured vendor accounts. Example implementations can include: disabling default accounts or making them unusable.;IG1;M1026
4.7;Manage Default Accounts on Enterprise Assets and Software;Manage default accounts on enterprise assets and software, such as root, administrator, and other pre-configured vendor accounts. Example implementations can include: disabling default accounts or making them unusable.;IG1;M1027
4.8;Uninstall or Disable Unnecessary Services on Enterprise Assets and Software;Uninstall or disable unnecessary services on enterprise assets and software, such as an unused file sharing service, web application module, or service function.;IG2;M1028
4.8;Uninstall or Disable Unnecessary Services on Enterprise Assets and Software;Uninstall or disable unnecessary services on enterprise assets and software, such as an unused file sharing service, web application module, or service function.;IG2;M1042
4.9;Configure Trusted DNS Servers on Enterprise Assets;Configure trusted DNS servers on enterprise assets. Example implementations include: configuring assets to use enterprise-controlled DNS servers and/or reputable externally accessible DNS servers.;IG2;M1037
4.10;Enforce Automatic Device Lockout on Portable End-User Devices;Enforce automatic device lockout following a predetermined threshold of local failed authentication attempts on portable end-user devices, where supported. For laptops, do not allow more than 20 failed authentication attempts, for tablets and smartphones, no more than 10 failed authentication attempts. Example implementations include Microsoft® InTune Device Lock and Apple® Configuration Profile maxFailedAttempts.;IG2;M1036
4.11;Enforce Remote Wipe Capability on Portable End-User Devices;Remotely wipe enterprise data from enterprise-owned portable end-user devices when deemed appropriate such as lost or stolen devices, or when an individual no longer supports the enterprise.;IG2;M1035
4.11;Enforce Remote Wipe Capability on Portable End-User Devices;Remotely wipe enterprise data from enterprise-owned portable end-user devices when deemed appropriate such as lost or stolen devices, or when an individual no longer supports the enterprise.;IG2;M1057
5.1;Establish and Maintain an Inventory of Accounts;Establish and maintain an inventory of all accounts managed in the enterprise. The inventory must include both user and administrator accounts. The inventory, at a minimum, should contain the person’s name, username, start/stop dates, and department. Validate that all active accounts are authorized, on a recurring schedule at a minimum quarterly, or more frequently.;IG1;M1018
5.1;Establish and Maintain an Inventory of Accounts;Establish and maintain an inventory of all accounts managed in the enterprise. The inventory must include both user and administrator accounts. The inventory, at a minimum, should contain the person’s name, username, start/stop dates, and department. Validate that all active accounts are authorized, on a recurring schedule at a minimum quarterly, or more frequently.;IG1;M1026
5.1;Establish and Maintain an Inventory of Accounts;Establish and maintain an inventory of all accounts managed in the enterprise. The inventory must include both user and administrator accounts. The inventory, at a minimum, should contain the person’s name, username, start/stop dates, and department. Validate that all active accounts are authorized, on a recurring schedule at a minimum quarterly, or more frequently.;IG1;M1047
5.2;Use Unique Passwords;Use unique passwords for all enterprise assets. Best practice implementation includes, at a minimum, an 8-character password for accounts using MFA and a 14-character password for accounts not using MFA. ;IG1;M1026
5.2;Use Unique Passwords;Use unique passwords for all enterprise assets. Best practice implementation includes, at a minimum, an 8-character password for accounts using MFA and a 14-character password for accounts not using MFA. ;IG1;M1027
5.3;Disable Dormant Accounts;Delete or disable any dormant accounts after a period of 45 days of inactivity, where supported.;IG1;M1018
5.3;Disable Dormant Accounts;Delete or disable any dormant accounts after a period of 45 days of inactivity, where supported.;IG1;M1026
5.4;Restrict Administrator Privileges to Dedicated Administrator Accounts;Restrict administrator privileges to dedicated administrator accounts on enterprise assets. Conduct general computing activities, such as internet browsing, email, and productivity suite use, from the user’s primary, non-privileged account.;IG1;M1018
5.4;Restrict Administrator Privileges to Dedicated Administrator Accounts;Restrict administrator privileges to dedicated administrator accounts on enterprise assets. Conduct general computing activities, such as internet browsing, email, and productivity suite use, from the user’s primary, non-privileged account.;IG1;M1022
5.4;Restrict Administrator Privileges to Dedicated Administrator Accounts;Restrict administrator privileges to dedicated administrator accounts on enterprise assets. Conduct general computing activities, such as internet browsing, email, and productivity suite use, from the user’s primary, non-privileged account.;IG1;M1026
5.5;Establish and Maintain an Inventory of Service Accounts;Establish and maintain an inventory of service accounts. The inventory, at a minimum, must contain department owner, review date, and purpose. Perform service account reviews to validate that all active accounts are authorized, on a recurring schedule at a minimum quarterly, or more frequently.;IG2;M1018
5.5;Establish and Maintain an Inventory of Service Accounts;Establish and maintain an inventory of service accounts. The inventory, at a minimum, must contain department owner, review date, and purpose. Perform service account reviews to validate that all active accounts are authorized, on a recurring schedule at a minimum quarterly, or more frequently.;IG2;M1026
5.5;Establish and Maintain an Inventory of Service Accounts;Establish and maintain an inventory of service accounts. The inventory, at a minimum, must contain department owner, review date, and purpose. Perform service account reviews to validate that all active accounts are authorized, on a recurring schedule at a minimum quarterly, or more frequently.;IG2;M1047
6.1;Establish an Access Granting Process;Establish and follow a process, preferably automated, for granting access to enterprise assets upon new hire, rights grant, or role change of a user.;IG1;M1018
6.1;Establish an Access Granting Process;Establish and follow a process, preferably automated, for granting access to enterprise assets upon new hire, rights grant, or role change of a user.;IG1;M1022
6.1;Establish an Access Granting Process;Establish and follow a process, preferably automated, for granting access to enterprise assets upon new hire, rights grant, or role change of a user.;IG1;M1026
6.1;Establish an Access Granting Process;Establish and follow a process, preferably automated, for granting access to enterprise assets upon new hire, rights grant, or role change of a user.;IG1;M1047
6.2;Establish an Access Revoking Process;Establish and follow a process, preferably automated, for revoking access to enterprise assets, through disabling accounts immediately upon termination, rights revocation, or role change of a user. Disabling accounts, instead of deleting accounts, may be necessary to preserve audit trails.;IG1;M1018
6.2;Establish an Access Revoking Process;Establish and follow a process, preferably automated, for revoking access to enterprise assets, through disabling accounts immediately upon termination, rights revocation, or role change of a user. Disabling accounts, instead of deleting accounts, may be necessary to preserve audit trails.;IG1;M1022
6.2;Establish an Access Revoking Process;Establish and follow a process, preferably automated, for revoking access to enterprise assets, through disabling accounts immediately upon termination, rights revocation, or role change of a user. Disabling accounts, instead of deleting accounts, may be necessary to preserve audit trails.;IG1;M1026
6.2;Establish an Access Revoking Process;Establish and follow a process, preferably automated, for revoking access to enterprise assets, through disabling accounts immediately upon termination, rights revocation, or role change of a user. Disabling accounts, instead of deleting accounts, may be necessary to preserve audit trails.;IG1;M1047
6.3;Require MFA for Externally-Exposed Applications;Require all externally-exposed enterprise or third-party applications to enforce MFA, where supported. Enforcing MFA through a directory service or SSO provider is a satisfactory implementation of this Safeguard.;IG1;M1032
6.4;Require MFA for Remote Network Access;Require MFA for remote network access.;IG1;M1032
6.5;Require MFA for Administrative Access;Require MFA for all administrative access accounts, where supported, on all enterprise assets, whether managed on-site or through a third-party provider.;IG1;M1032
6.8;Define and Maintain Role-Based Access Control;Define and maintain role-based access control, through determining and documenting the access rights necessary for each role within the enterprise to successfully carry out its assigned duties. Perform access control reviews of enterprise assets to validate that all privileges are authorized, on a recurring schedule at a minimum annually, or more frequently.;IG3;M1018
6.8;Define and Maintain Role-Based Access Control;Define and maintain role-based access control, through determining and documenting the access rights necessary for each role within the enterprise to successfully carry out its assigned duties. Perform access control reviews of enterprise assets to validate that all privileges are authorized, on a recurring schedule at a minimum annually, or more frequently.;IG3;M1022
6.8;Define and Maintain Role-Based Access Control;Define and maintain role-based access control, through determining and documenting the access rights necessary for each role within the enterprise to successfully carry out its assigned duties. Perform access control reviews of enterprise assets to validate that all privileges are authorized, on a recurring schedule at a minimum annually, or more frequently.;IG3;M1026
6.8;Define and Maintain Role-Based Access Control;Define and maintain role-based access control, through determining and documenting the access rights necessary for each role within the enterprise to successfully carry out its assigned duties. Perform access control reviews of enterprise assets to validate that all privileges are authorized, on a recurring schedule at a minimum annually, or more frequently.;IG3;M1047
7.1;Establish and Maintain a Vulnerability Management Process;Establish and maintain a documented vulnerability management process for enterprise assets. Review and update documentation annually, or when significant enterprise changes occur that could impact this Safeguard.;IG1;M1016
7.1;Establish and Maintain a Vulnerability Management Process;Establish and maintain a documented vulnerability management process for enterprise assets. Review and update documentation annually, or when significant enterprise changes occur that could impact this Safeguard.;IG1;M1051
7.2;Establish and Maintain a Remediation Process;Establish and maintain a risk-based remediation strategy documented in a remediation process, with monthly, or more frequent, reviews.;IG1;M1016
7.2;Establish and Maintain a Remediation Process;Establish and maintain a risk-based remediation strategy documented in a remediation process, with monthly, or more frequent, reviews.;IG1;M1051
7.3;Perform Automated Operating System Patch Management;Perform operating system updates on enterprise assets through automated patch management on a monthly, or more frequent, basis.;IG1;M1051
7.4;Perform Automated Application Patch Management;Perform application updates on enterprise assets through automated patch management on a monthly, or more frequent, basis.;IG1;M1051
7.5;Perform Automated Vulnerability Scans of Internal Enterprise Assets;Perform automated vulnerability scans of internal enterprise assets on a quarterly, or more frequent, basis. Conduct both authenticated and unauthenticated scans, using a SCAP-compliant vulnerability scanning tool.;IG2;M1016
7.5;Perform Automated Vulnerability Scans of Internal Enterprise Assets;Perform automated vulnerability scans of internal enterprise assets on a quarterly, or more frequent, basis. Conduct both authenticated and unauthenticated scans, using a SCAP-compliant vulnerability scanning tool.;IG2;M1051
7.6;Perform Automated Vulnerability Scans of Externally-Exposed Enterprise Assets;Perform automated vulnerability scans of externally-exposed enterprise assets using a SCAP-compliant vulnerability scanning tool. Perform scans on a monthly, or more frequent, basis. ;IG2;M1016
7.6;Perform Automated Vulnerability Scans of Externally-Exposed Enterprise Assets;Perform automated vulnerability scans of externally-exposed enterprise assets using a SCAP-compliant vulnerability scanning tool. Perform scans on a monthly, or more frequent, basis. ;IG2;M1037
7.6;Perform Automated Vulnerability Scans of Externally-Exposed Enterprise Assets;Perform automated vulnerability scans of externally-exposed enterprise assets using a SCAP-compliant vulnerability scanning tool. Perform scans on a monthly, or more frequent, basis. ;IG2;M1042
7.6;Perform Automated Vulnerability Scans of Externally-Exposed Enterprise Assets;Perform automated vulnerability scans of externally-exposed enterprise assets using a SCAP-compliant vulnerability scanning tool. Perform scans on a monthly, or more frequent, basis. ;IG2;M1051
7.7;Remediate Detected Vulnerabilities;Remediate detected vulnerabilities in software through processes and tooling on a monthly, or more frequent, basis, based on the remediation process.;IG2;M1016
7.7;Remediate Detected Vulnerabilities;Remediate detected vulnerabilities in software through processes and tooling on a monthly, or more frequent, basis, based on the remediation process.;IG2;M1037
7.7;Remediate Detected Vulnerabilities;Remediate detected vulnerabilities in software through processes and tooling on a monthly, or more frequent, basis, based on the remediation process.;IG2;M1042
7.7;Remediate Detected Vulnerabilities;Remediate detected vulnerabilities in software through processes and tooling on a monthly, or more frequent, basis, based on the remediation process.;IG2;M1051
8.1;Establish and Maintain an Audit Log Management Process;Establish and maintain an audit log management process that defines the enterprise’s logging requirements. At a minimum, address the collection, review, and retention of audit logs for enterprise assets. Review and update documentation annually, or when significant enterprise changes occur that could impact this Safeguard.;IG1;M1018
8.1;Establish and Maintain an Audit Log Management Process;Establish and maintain an audit log management process that defines the enterprise’s logging requirements. At a minimum, address the collection, review, and retention of audit logs for enterprise assets. Review and update documentation annually, or when significant enterprise changes occur that could impact this Safeguard.;IG1;M1028
8.1;Establish and Maintain an Audit Log Management Process;Establish and maintain an audit log management process that defines the enterprise’s logging requirements. At a minimum, address the collection, review, and retention of audit logs for enterprise assets. Review and update documentation annually, or when significant enterprise changes occur that could impact this Safeguard.;IG1;M1029
8.1;Establish and Maintain an Audit Log Management Process;Establish and maintain an audit log management process that defines the enterprise’s logging requirements. At a minimum, address the collection, review, and retention of audit logs for enterprise assets. Review and update documentation annually, or when significant enterprise changes occur that could impact this Safeguard.;IG1;M1047
8.2;Collect Audit Logs;Collect audit logs. Ensure that logging, per the enterprise’s audit log management process, has been enabled across enterprise assets.;IG1;M1018
8.2;Collect Audit Logs;Collect audit logs. Ensure that logging, per the enterprise’s audit log management process, has been enabled across enterprise assets.;IG1;M1028
8.2;Collect Audit Logs;Collect audit logs. Ensure that logging, per the enterprise’s audit log management process, has been enabled across enterprise assets.;IG1;M1029
8.2;Collect Audit Logs;Collect audit logs. Ensure that logging, per the enterprise’s audit log management process, has been enabled across enterprise assets.;IG1;M1047
8.3;Ensure Adequate Audit Log Storage;Ensure that logging destinations maintain adequate storage to comply with the enterprise’s audit log management process.;IG1;M1018
8.3;Ensure Adequate Audit Log Storage;Ensure that logging destinations maintain adequate storage to comply with the enterprise’s audit log management process.;IG1;M1028
8.3;Ensure Adequate Audit Log Storage;Ensure that logging destinations maintain adequate storage to comply with the enterprise’s audit log management process.;IG1;M1029
8.3;Ensure Adequate Audit Log Storage;Ensure that logging destinations maintain adequate storage to comply with the enterprise’s audit log management process.;IG1;M1047
8.5;Collect Detailed Audit Logs;Configure detailed audit logging for enterprise assets containing sensitive data. Include event source, date, username, timestamp, source addresses, destination addresses, and other useful elements that could assist in a forensic investigation.;IG2;M1047
8.9;Centralize Audit Logs;Centralize, to the extent possible, audit log collection and retention across enterprise assets.;IG2;M1029
8.9;Centralize Audit Logs;Centralize, to the extent possible, audit log collection and retention across enterprise assets.;IG2;M1047
8.10;Retain Audit Logs;Retain audit logs across enterprise assets for a minimum of 90 days.;IG2;M1029
8.10;Retain Audit Logs;Retain audit logs across enterprise assets for a minimum of 90 days.;IG2;M1047
8.11;Conduct Audit Log Reviews;Conduct reviews of audit logs to detect anomalies or abnormal events that could indicate a potential threat. Conduct reviews on a weekly, or more frequent, basis.;IG2;M1047
9.1;Ensure Use of Only Fully Supported Browsers and Email Clients;Ensure only fully supported browsers and email clients are allowed to execute in the enterprise, only using the latest version of browsers and email clients provided through the vendor.;IG1;M1051
9.2;Use DNS Filtering Services;Use DNS filtering services on all enterprise assets to block access to known malicious domains.;IG1;M1021
9.2;Use DNS Filtering Services;Use DNS filtering services on all enterprise assets to block access to known malicious domains.;IG1;M1031
9.2;Use DNS Filtering Services;Use DNS filtering services on all enterprise assets to block access to known malicious domains.;IG1;M1037
9.3;Maintain and Enforce Network-Based URL Filters;Enforce and update network-based URL filters to limit an enterprise asset from connecting to potentially malicious or unapproved websites. Example implementations include category-based filtering, reputation-based filtering, or through the use of block lists. Enforce filters for all enterprise assets.;IG2;M1021
9.3;Maintain and Enforce Network-Based URL Filters;Enforce and update network-based URL filters to limit an enterprise asset from connecting to potentially malicious or unapproved websites. Example implementations include category-based filtering, reputation-based filtering, or through the use of block lists. Enforce filters for all enterprise assets.;IG2;M1037
9.4;Restrict Unnecessary or Unauthorized Browser and Email Client Extensions;Restrict, either through uninstalling or disabling, any unauthorized or unnecessary browser or email client plugins, extensions, and add-on applications.;IG2;M1033
9.4;Restrict Unnecessary or Unauthorized Browser and Email Client Extensions;Restrict, either through uninstalling or disabling, any unauthorized or unnecessary browser or email client plugins, extensions, and add-on applications.;IG2;M1038
9.4;Restrict Unnecessary or Unauthorized Browser and Email Client Extensions;Restrict, either through uninstalling or disabling, any unauthorized or unnecessary browser or email client plugins, extensions, and add-on applications.;IG2;M1042
9.4;Restrict Unnecessary or Unauthorized Browser and Email Client Extensions;Restrict, either through uninstalling or disabling, any unauthorized or unnecessary browser or email client plugins, extensions, and add-on applications.;IG2;M1047
9.6;Block Unnecessary File Types;Block unnecessary file types attempting to enter the enterprise’s email gateway.;IG2;M1021
9.7;Deploy and Maintain Email Server Anti-Malware Protections;Deploy and maintain email server anti-malware protections, such as attachment scanning and/or sandboxing.;IG3;M1049
10.1;Deploy and Maintain Anti-Malware Software;Deploy and maintain anti-malware software on all enterprise assets.;IG1;M1049
10.2;Configure Automatic Anti-Malware Signature Updates;Configure automatic updates for anti-malware signature files on all enterprise assets.;IG1;M1049
10.3;Disable Autorun and Autoplay for Removable Media;Disable autorun and autoplay auto-execute functionality for removable media.;IG1;M1042
10.5;Enable Anti-Exploitation Features;Enable anti-exploitation features on enterprise assets and software, where possible, such as Microsoft® Data Execution Prevention (DEP), Windows® Defender Exploit Guard (WDEG), or Apple® System Integrity Protection (SIP) and Gatekeeper™.;IG2;M1050
10.7;Use Behavior-Based Anti-Malware Software;Use behavior-based anti-malware software.;IG2;M1049
11.1;Establish and Maintain a Data Recovery Process ;Establish and maintain a data recovery process. In the process, address the scope of data recovery activities, recovery prioritization, and the security of backup data. Review and update documentation annually, or when significant enterprise changes occur that could impact this Safeguard. ;IG1;M1029
11.1;Establish and Maintain a Data Recovery Process ;Establish and maintain a data recovery process. In the process, address the scope of data recovery activities, recovery prioritization, and the security of backup data. Review and update documentation annually, or when significant enterprise changes occur that could impact this Safeguard. ;IG1;M1053
11.2;Perform Automated Backups ;Perform automated backups of in-scope enterprise assets. Run backups weekly, or more frequently, based on the sensitivity of the data.;IG1;M1029
11.2;Perform Automated Backups ;Perform automated backups of in-scope enterprise assets. Run backups weekly, or more frequently, based on the sensitivity of the data.;IG1;M1053
11.3;Protect Recovery Data;Protect recovery data with equivalent controls to the original data. Reference encryption or data separation, based on requirements.;IG1;M1029
11.3;Protect Recovery Data;Protect recovery data with equivalent controls to the original data. Reference encryption or data separation, based on requirements.;IG1;M1030
11.3;Protect Recovery Data;Protect recovery data with equivalent controls to the original data. Reference encryption or data separation, based on requirements.;IG1;M1041
11.3;Protect Recovery Data;Protect recovery data with equivalent controls to the original data. Reference encryption or data separation, based on requirements.;IG1;M1053
11.4;Establish and Maintain an Isolated Instance of Recovery Data ;Establish and maintain an isolated instance of recovery data. Example implementations include, version controlling backup destinations through offline, cloud, or off-site systems or services.;IG1;M1029
11.4;Establish and Maintain an Isolated Instance of Recovery Data ;Establish and maintain an isolated instance of recovery data. Example implementations include, version controlling backup destinations through offline, cloud, or off-site systems or services.;IG1;M1030
11.4;Establish and Maintain an Isolated Instance of Recovery Data ;Establish and maintain an isolated instance of recovery data. Example implementations include, version controlling backup destinations through offline, cloud, or off-site systems or services.;IG1;M1053
11.5;Test Data Recovery;Test backup recovery quarterly, or more frequently, for a sampling of in-scope enterprise assets.;IG2;M1029
11.5;Test Data Recovery;Test backup recovery quarterly, or more frequently, for a sampling of in-scope enterprise assets.;IG2;M1053
12.1;Ensure Network Infrastructure is Up-to-Date;Ensure network infrastructure is kept up-to-date. Example implementations include running the latest stable release of software and/or using currently supported network-as-a-service (NaaS) offerings. Review software versions monthly, or more frequently, to verify software support.;IG1;M1051
12.2;Establish and Maintain a Secure Network Architecture;Establish and maintain a secure network architecture. A secure network architecture must address segmentation, least privilege, and availability, at a minimum.;IG2;M1018
12.2;Establish and Maintain a Secure Network Architecture;Establish and maintain a secure network architecture. A secure network architecture must address segmentation, least privilege, and availability, at a minimum.;IG2;M1026
12.2;Establish and Maintain a Secure Network Architecture;Establish and maintain a secure network architecture. A secure network architecture must address segmentation, least privilege, and availability, at a minimum.;IG2;M1030
12.2;Establish and Maintain a Secure Network Architecture;Establish and maintain a secure network architecture. A secure network architecture must address segmentation, least privilege, and availability, at a minimum.;IG2;M1035
12.3;Securely Manage Network Infrastructure;Securely manage network infrastructure. Example implementations include version-controlled-infrastructure-as-code, and the use of secure network protocols, such as SSH and HTTPS. ;IG2;M1037
12.5;Centralize Network Authentication, Authorization, and Auditing (AAA);Centralize network AAA.;IG2;M1018
12.5;Centralize Network Authentication, Authorization, and Auditing (AAA);Centralize network AAA.;IG2;M1026
12.6;Use of Secure Network Management and Communication Protocols ;Use secure network management and communication protocols (e.g., 802.1X, Wi-Fi Protected Access 2 (WPA2) Enterprise or greater).;IG2;M1035
12.7;Ensure Remote Devices Utilize a VPN and are Connecting to an Enterprise’s AAA Infrastructure;Require users to authenticate to enterprise-managed VPN and authentication services prior to accessing enterprise resources on end-user devices.;IG2;M1035
12.8;Establish and Maintain Dedicated Computing Resources for All Administrative Work;Establish and maintain dedicated computing resources, either physically or logically separated, for all administrative tasks or tasks requiring administrative access. The computing resources should be segmented from the enterprise's primary network and not be allowed internet access.;IG3;M1029
12.8;Establish and Maintain Dedicated Computing Resources for All Administrative Work;Establish and maintain dedicated computing resources, either physically or logically separated, for all administrative tasks or tasks requiring administrative access. The computing resources should be segmented from the enterprise's primary network and not be allowed internet access.;IG3;M1030
13.2;Deploy a Host-Based Intrusion Detection Solution;Deploy a host-based intrusion detection solution on enterprise assets, where appropriate and/or supported.;IG2;M1040
13.2;Deploy a Host-Based Intrusion Detection Solution;Deploy a host-based intrusion detection solution on enterprise assets, where appropriate and/or supported.;IG2;M1049
13.3;Deploy a Network Intrusion Detection Solution;Deploy a network intrusion detection solution on enterprise assets, where appropriate. Example implementations include the use of a Network Intrusion Detection System (NIDS) or equivalent cloud service provider (CSP) service.;IG2;M1031
13.4;Perform Traffic Filtering Between Network Segments;Perform traffic filtering between network segments, where appropriate.;IG2;M1037
13.5;Manage Access Control for Remote Assets;Manage access control for assets remotely connecting to enterprise resources. Determine amount of access to enterprise resources based on: up-to-date anti-malware software installed, configuration compliance with the enterprise’s secure configuration process, and ensuring the operating system and applications are up-to-date.;IG2;M1035
13.7;Deploy a Host-Based Intrusion Prevention Solution;Deploy a host-based intrusion prevention solution on enterprise assets, where appropriate and/or supported. Example implementations include use of an Endpoint Detection and Response (EDR) client or host-based IPS agent.;IG3;M1049
13.7;Deploy a Host-Based Intrusion Prevention Solution;Deploy a host-based intrusion prevention solution on enterprise assets, where appropriate and/or supported. Example implementations include use of an Endpoint Detection and Response (EDR) client or host-based IPS agent.;IG3;M1040
13.8;Deploy a Network Intrusion Prevention Solution;Deploy a network intrusion prevention solution, where appropriate. Example implementations include the use of a Network Intrusion Prevention System (NIPS) or equivalent CSP service.;IG3;M1031
13.9;Deploy Port-Level Access Control;Deploy port-level access control. Port-level access control utilizes 802.1x, or similar network access control protocols, such as certificates, and may incorporate user and/or device authentication.;IG3;M1035
13.10;Perform Application Layer Filtering;Perform application layer filtering. Example implementations include a filtering proxy, application layer firewall, or gateway.;IG3;M1030
13.10;Perform Application Layer Filtering;Perform application layer filtering. Example implementations include a filtering proxy, application layer firewall, or gateway.;IG3;M1035
13.10;Perform Application Layer Filtering;Perform application layer filtering. Example implementations include a filtering proxy, application layer firewall, or gateway.;IG3;M1037
13.10;Perform Application Layer Filtering;Perform application layer filtering. Example implementations include a filtering proxy, application layer firewall, or gateway.;IG3;M1050
14.1;Establish and Maintain a Security Awareness Program;Establish and maintain a security awareness program. The purpose of a security awareness program is to educate the enterprise’s workforce on how to interact with enterprise assets and data in a secure manner. Conduct training at hire and, at a minimum, annually. Review and update content annually, or when significant enterprise changes occur that could impact this Safeguard.;IG1;M1017
14.2;Train Workforce Members to Recognize Social Engineering Attacks;Train workforce members to recognize social engineering attacks, such as phishing, pre-texting, and tailgating. ;IG1;M1017
14.3;Train Workforce Members on Authentication Best Practices;Train workforce members on authentication best practices. Example topics include MFA, password composition, and credential management.;IG1;M1017
14.3;Train Workforce Members on Authentication Best Practices;Train workforce members on authentication best practices. Example topics include MFA, password composition, and credential management.;IG1;M1027
14.4;Train Workforce on Data Handling Best Practices;Train workforce members on how to identify and properly store, transfer, archive, and destroy sensitive data. This also includes training workforce members on clear screen and desk best practices, such as locking their screen when they step away from their enterprise asset, erasing physical and virtual whiteboards at the end of meetings, and storing data and assets securely.;IG1;M1017
14.5;Train Workforce Members on Causes of Unintentional Data Exposure;Train workforce members to be aware of causes for unintentional data exposure. Example topics include mis-delivery of sensitive data, losing a portable end-user device, or publishing data to unintended audiences.;IG1;M1017
14.6;Train Workforce Members on Recognizing and Reporting Security Incidents;Train workforce members to be able to recognize a potential incident and be able to report such an incident. ;IG1;M1017
14.8;Train Workforce on the Dangers of Connecting to and Transmitting Enterprise Data Over Insecure Networks;Train workforce members on the dangers of connecting to, and transmitting data over, insecure networks for enterprise activities. If the enterprise has remote workers, training must include guidance to ensure that all users securely configure their home network infrastructure.;IG1;M1017
14.9;Conduct Role-Specific Security Awareness and Skills Training;Conduct role-specific security awareness and skills training. Example implementations include secure system administration courses for IT professionals, (OWASP® Top 10 vulnerability awareness and prevention training for web application developers, and advanced social engineering awareness training for high-profile roles.;IG2;M1017
15.7;Securely Decommission Service Providers;Securely decommission service providers. Example considerations include user and service account deactivation, termination of data flows, and secure disposal of enterprise data within service provider systems.;IG3;M1018
15.7;Securely Decommission Service Providers;Securely decommission service providers. Example considerations include user and service account deactivation, termination of data flows, and secure disposal of enterprise data within service provider systems.;IG3;M1052
16.1;Establish and Maintain a Secure Application Development Process;Establish and maintain a secure application development process. In the process, address such items as: secure application design standards, secure coding practices, developer training, vulnerability management, security of third-party code, and application security testing procedures. Review and update documentation annually, or when significant enterprise changes occur that could impact this Safeguard.;IG2;M1013
16.1;Establish and Maintain a Secure Application Development Process;Establish and maintain a secure application development process. In the process, address such items as: secure application design standards, secure coding practices, developer training, vulnerability management, security of third-party code, and application security testing procedures. Review and update documentation annually, or when significant enterprise changes occur that could impact this Safeguard.;IG2;M1016
16.1;Establish and Maintain a Secure Application Development Process;Establish and maintain a secure application development process. In the process, address such items as: secure application design standards, secure coding practices, developer training, vulnerability management, security of third-party code, and application security testing procedures. Review and update documentation annually, or when significant enterprise changes occur that could impact this Safeguard.;IG2;M1017
16.1;Establish and Maintain a Secure Application Development Process;Establish and maintain a secure application development process. In the process, address such items as: secure application design standards, secure coding practices, developer training, vulnerability management, security of third-party code, and application security testing procedures. Review and update documentation annually, or when significant enterprise changes occur that could impact this Safeguard.;IG2;M1051
16.2;Establish and Maintain a Process to Accept and Address Software Vulnerabilities;Establish and maintain a process to accept and address reports of software vulnerabilities, including providing a means for external entities to report. The process is to include such items as: a vulnerability handling policy that identifies reporting process, responsible party for handling vulnerability reports, and a process for intake, assignment, remediation, and remediation testing. As part of the process, use a vulnerability tracking system that includes severity ratings, and metrics for measuring timing for identification, analysis, and remediation of vulnerabilities. Review and update documentation annually, or when significant enterprise changes occur that could impact this Safeguard.Third-party application developers need to consider this an externally-facing policy that helps to set expectations for outside stakeholders.;IG2;M1016
16.2;Establish and Maintain a Process to Accept and Address Software Vulnerabilities;Establish and maintain a process to accept and address reports of software vulnerabilities, including providing a means for external entities to report. The process is to include such items as: a vulnerability handling policy that identifies reporting process, responsible party for handling vulnerability reports, and a process for intake, assignment, remediation, and remediation testing. As part of the process, use a vulnerability tracking system that includes severity ratings, and metrics for measuring timing for identification, analysis, and remediation of vulnerabilities. Review and update documentation annually, or when significant enterprise changes occur that could impact this Safeguard.Third-party application developers need to consider this an externally-facing policy that helps to set expectations for outside stakeholders.;IG2;M1051
16.3;Perform Root Cause Analysis on Security Vulnerabilities;Perform root cause analysis on security vulnerabilities. When reviewing vulnerabilities, root cause analysis is the task of evaluating underlying issues that create vulnerabilities in code, and allows development teams to move beyond just fixing individual vulnerabilities as they arise.;IG2;M1016
16.3;Perform Root Cause Analysis on Security Vulnerabilities;Perform root cause analysis on security vulnerabilities. When reviewing vulnerabilities, root cause analysis is the task of evaluating underlying issues that create vulnerabilities in code, and allows development teams to move beyond just fixing individual vulnerabilities as they arise.;IG2;M1051
16.4;Establish and Manage an Inventory of Third-Party Software Components;Establish and manage an updated inventory of third-party components used in development, often referred to as a “bill of materials,” as well as components slated for future use. This inventory is to include any risks that each third-party component could pose. Evaluate the list at least monthly to identify any changes or updates to these components, and validate that the component is still supported.;IG2;M1016
16.4;Establish and Manage an Inventory of Third-Party Software Components;Establish and manage an updated inventory of third-party components used in development, often referred to as a “bill of materials,” as well as components slated for future use. This inventory is to include any risks that each third-party component could pose. Evaluate the list at least monthly to identify any changes or updates to these components, and validate that the component is still supported.;IG2;M1051
16.5;Use Up-to-Date and Trusted Third-Party Software Components;Use up-to-date and trusted third-party software components. When possible, choose established and proven frameworks and libraries that provide adequate security. Acquire these components from trusted sources or evaluate the software for vulnerabilities before use.;IG2;M1016
16.5;Use Up-to-Date and Trusted Third-Party Software Components;Use up-to-date and trusted third-party software components. When possible, choose established and proven frameworks and libraries that provide adequate security. Acquire these components from trusted sources or evaluate the software for vulnerabilities before use.;IG2;M1051
16.8;Separate Production and Non-Production Systems;Maintain separate environments for production and non-production systems.;IG2;M1030
16.8;Separate Production and Non-Production Systems;Maintain separate environments for production and non-production systems.;IG2;M1048
16.9;Train Developers in Application Security Concepts and Secure Coding;Ensure that all software development personnel receive training in writing secure code for their specific development environment and responsibilities. Training can include general security principles and application security standard practices. Conduct training at least annually and design in a way to promote security within the development team, and build a culture of security among the developers.;IG2;M1013
16.9;Train Developers in Application Security Concepts and Secure Coding;Ensure that all software development personnel receive training in writing secure code for their specific development environment and responsibilities. Training can include general security principles and application security standard practices. Conduct training at least annually and design in a way to promote security within the development team, and build a culture of security among the developers.;IG2;M1017
16.10;Apply Secure Design Principles in Application Architectures;Apply secure design principles in application architectures. Secure design principles include the concept of least privilege and enforcing mediation to validate every operation that the user makes, promoting the concept of -never trust user input-. Examples include ensuring that explicit error checking is performed and documented for all input, including for size, data type, and acceptable ranges or formats. Secure design also means minimizing the application infrastructure attack surface, such as turning off unprotected ports and services, removing unnecessary programs and files, and renaming or removing default accounts.;IG2;M1026
16.10;Apply Secure Design Principles in Application Architectures;Apply secure design principles in application architectures. Secure design principles include the concept of least privilege and enforcing mediation to validate every operation that the user makes, promoting the concept of -never trust user input-. Examples include ensuring that explicit error checking is performed and documented for all input, including for size, data type, and acceptable ranges or formats. Secure design also means minimizing the application infrastructure attack surface, such as turning off unprotected ports and services, removing unnecessary programs and files, and renaming or removing default accounts.;IG2;M1042
16.11;Leverage Vetted Modules or Services for Application Security Components;Leverage vetted modules or services for application security components, such as identity management, encryption, and auditing and logging. Using platform features in critical security functions will reduce developers’ workload and minimize the likelihood of design or implementation errors. Modern operating systems provide effective mechanisms for identification, authentication, and authorization and make those mechanisms available to applications. Use only standardized, currently accepted, and extensively reviewed encryption algorithms. Operating systems also provide mechanisms to create and maintain secure audit logs.;IG2;M1016
16.11;Leverage Vetted Modules or Services for Application Security Components;Leverage vetted modules or services for application security components, such as identity management, encryption, and auditing and logging. Using platform features in critical security functions will reduce developers’ workload and minimize the likelihood of design or implementation errors. Modern operating systems provide effective mechanisms for identification, authentication, and authorization and make those mechanisms available to applications. Use only standardized, currently accepted, and extensively reviewed encryption algorithms. Operating systems also provide mechanisms to create and maintain secure audit logs.;IG2;M1051
16.12;Implement Code-Level Security Checks;Apply static and dynamic analysis tools within the application life cycle to verify that secure coding practices are being followed.;IG3;M1016
16.13;Conduct Application Penetration Testing;Conduct application penetration testing. For critical applications, authenticated penetration testing is better suited to finding business logic vulnerabilities than code scanning and automated security testing. Penetration testing relies on the skill of the tester to manually manipulate an application as an authenticated and unauthenticated user. ;IG3;M1016
16.13;Conduct Application Penetration Testing;Conduct application penetration testing. For critical applications, authenticated penetration testing is better suited to finding business logic vulnerabilities than code scanning and automated security testing. Penetration testing relies on the skill of the tester to manually manipulate an application as an authenticated and unauthenticated user. ;IG3;M1047
18.1;Establish and Maintain a Penetration Testing Program;Establish and maintain a penetration testing program appropriate to the size, complexity, and maturity of the enterprise. Penetration testing program characteristics include scope, such as network, web application, Application Programming Interface (API), hosted services, and physical premise controls, frequency, limitations, such as acceptable hours, and excluded attack types, point of contact information, remediation, such as how findings will be routed internally, and retrospective requirements.;IG2;M1016
18.1;Establish and Maintain a Penetration Testing Program;Establish and maintain a penetration testing program appropriate to the size, complexity, and maturity of the enterprise. Penetration testing program characteristics include scope, such as network, web application, Application Programming Interface (API), hosted services, and physical premise controls, frequency, limitations, such as acceptable hours, and excluded attack types, point of contact information, remediation, such as how findings will be routed internally, and retrospective requirements.;IG2;M1051
18.2;Perform Periodic External Penetration Tests;Perform periodic external penetration tests based on program requirements, no less than annually. External penetration testing must include enterprise and environmental reconnaissance to detect exploitable information. Penetration testing requires specialized skills and experience and must be conducted through a qualified party. The testing may be clear box or opaque box.;IG2;M1016
18.2;Perform Periodic External Penetration Tests;Perform periodic external penetration tests based on program requirements, no less than annually. External penetration testing must include enterprise and environmental reconnaissance to detect exploitable information. Penetration testing requires specialized skills and experience and must be conducted through a qualified party. The testing may be clear box or opaque box.;IG2;M1037
18.2;Perform Periodic External Penetration Tests;Perform periodic external penetration tests based on program requirements, no less than annually. External penetration testing must include enterprise and environmental reconnaissance to detect exploitable information. Penetration testing requires specialized skills and experience and must be conducted through a qualified party. The testing may be clear box or opaque box.;IG2;M1042
18.2;Perform Periodic External Penetration Tests;Perform periodic external penetration tests based on program requirements, no less than annually. External penetration testing must include enterprise and environmental reconnaissance to detect exploitable information. Penetration testing requires specialized skills and experience and must be conducted through a qualified party. The testing may be clear box or opaque box.;IG2;M1051
18.2;Perform Periodic External Penetration Tests;Perform periodic external penetration tests based on program requirements, no less than annually. External penetration testing must include enterprise and environmental reconnaissance to detect exploitable information. Penetration testing requires specialized skills and experience and must be conducted through a qualified party. The testing may be clear box or opaque box.;IG2;M1056
18.3;Remediate Penetration Test Findings;Remediate penetration test findings based on the enterprise’s policy for remediation scope and prioritization.;IG2;M1015
18.3;Remediate Penetration Test Findings;Remediate penetration test findings based on the enterprise’s policy for remediation scope and prioritization.;IG2;M1016
18.3;Remediate Penetration Test Findings;Remediate penetration test findings based on the enterprise’s policy for remediation scope and prioritization.;IG2;M1028
18.3;Remediate Penetration Test Findings;Remediate penetration test findings based on the enterprise’s policy for remediation scope and prioritization.;IG2;M1037
18.3;Remediate Penetration Test Findings;Remediate penetration test findings based on the enterprise’s policy for remediation scope and prioritization.;IG2;M1042
18.3;Remediate Penetration Test Findings;Remediate penetration test findings based on the enterprise’s policy for remediation scope and prioritization.;IG2;M1047
18.3;Remediate Penetration Test Findings;Remediate penetration test findings based on the enterprise’s policy for remediation scope and prioritization.;IG2;M1051
18.3;Remediate Penetration Test Findings;Remediate penetration test findings based on the enterprise’s policy for remediation scope and prioritization.;IG2;M1054
18.3;Remediate Penetration Test Findings;Remediate penetration test findings based on the enterprise’s policy for remediation scope and prioritization.;IG2;M1056
18.5;Perform Periodic Internal Penetration Tests;Perform periodic internal penetration tests based on program requirements, no less than annually. The testing may be clear box or opaque box.;IG3;M1015
18.5;Perform Periodic Internal Penetration Tests;Perform periodic internal penetration tests based on program requirements, no less than annually. The testing may be clear box or opaque box.;IG3;M1016
18.5;Perform Periodic Internal Penetration Tests;Perform periodic internal penetration tests based on program requirements, no less than annually. The testing may be clear box or opaque box.;IG3;M1028
18.5;Perform Periodic Internal Penetration Tests;Perform periodic internal penetration tests based on program requirements, no less than annually. The testing may be clear box or opaque box.;IG3;M1042
18.5;Perform Periodic Internal Penetration Tests;Perform periodic internal penetration tests based on program requirements, no less than annually. The testing may be clear box or opaque box.;IG3;M1047
18.5;Perform Periodic Internal Penetration Tests;Perform periodic internal penetration tests based on program requirements, no less than annually. The testing may be clear box or opaque box.;IG3;M1051
18.5;Perform Periodic Internal Penetration Tests;Perform periodic internal penetration tests based on program requirements, no less than annually. The testing may be clear box or opaque box.;IG3;M1054
